duong,1
duong,2
duong,3
duong,4
duong,5
duong,6
duong,7
duong,8
duong,9
duong,10
duong,11
duong,12
duong,13
duong,14
duong,15
duong,16
duong,17
duong,18
duong,19
duong,20
duong,21
duong,22
duong,23
duong,24
duong,25
duong,26
duong,27
duong,28
duong,29
duong,30
duong,31
duong,32
duong,33
duong,34
duong,35
duong,36
duong,37
duong,38
duong,39
duong,40
duong,41
duong,42
duong,43
duong,44
duong,45
duong,46
duong,47
duong,48
duong,49
duong,50
duong,51
duong,52
duong,53
duong,54
duong,55
duong,56
duong,57
duong,58
duong,59
duong,60
duong,61
duong,62
duong,63
duong,64
duong,65
duong,66
duong,67
duong,68
duong,69
duong,70
duong,71
duong,72
duong,73
duong,74
duong,75
duong,76
duong,77
duong,78
duong,79
duong,80
duong,81
duong,82
duong,83
duong,84
duong,85
duong,86
duong,87
duong,88
duong,89
duong,90
duong,91
duong,92
duong,93
duong,94
duong,95
duong,96
duong,97
duong,98
duong,99
duong,100
duong,101
duong,102
duong,103
duong,104
duong,105
duong,106
duong,107
duong,108
duong,109
duong,110
duong,111
duong,112
duong,113
duong,114
duong,115
duong,116
duong,117
duong,118
duong,119
duong,120
duong,121
duong,122
duong,123
duong,124
duong,125
duong,126
duong,127
duong,128
duong,129
duong,130
duong,131
duong,132
duong,133
duong,134
duong,135
duong,136
duong,137
duong,138
duong,139
duong,140
duong,141
duong,142
duong,143
duong,144
duong,145
duong,146
duong,147
duong,148
duong,149
duong,150
duong,151
duong,152
duong,153
duong,154
duong,155
duong,156
duong,157
duong,158
duong,159
duong,160
duong,161
duong,162
duong,163
duong,164
duong,165
duong,166
duong,167
duong,168
duong,169
duong,170
duong,171
duong,172
duong,173
duong,174
duong,175
duong,176
duong,177
duong,178
duong,179
duong,180
duong,181
duong,182
duong,183
duong,184
duong,185
duong,186
duong,187
duong,188
duong,189
duong,190
duong,191
duong,192
duong,193
duong,194
duong,195
duong,196
duong,197
duong,198
duong,199
duong,200
